id,name,category,year
0,"The Matrix",movies,1999
1,"Star Wars: Episode I - The Phantom Menace",movies,1999
2,"Toy Story 2",movies,1999
3,"The Sixth Sense",movies,1999
4,"Fight Club",movies,1999
5,"The Green Mile",movies,1999
6,"American Beauty",movies,1999
7,"The Mummy",movies,1999
8,"The Blair Witch Project",movies,1999
9,"Notting Hill",movies,1999
10,"American Pie",movies,1999
11,"The Iron Giant",movies,1999
12,"Gladiator",movies,2000
13,"Cast Away",movies,2000
14,"Mission: Impossible II",movies,2000
15,"How the Grinch Stole Christmas",movies,2000
16,"X-Men",movies,2000
17,"Meet the Parents",movies,2000
18,"Scary Movie",movies,2000
19,"Crouching Tiger, Hidden Dragon",movies,2000
20,"Erin Brockovich",movies,2000
21,"Traffic",movies,2000
22,"Remember the Titans",movies,2000
23,"Chicken Run",movies,2000
24,"Shrek",movies,2001
25,"The Lord of the Rings: The Fellowship of the Ring",movies,2001
26,"Harry Potter and the Philosopher's Stone",movies,2001
27,"Monsters, Inc.",movies,2001
28,"Ocean's Eleven",movies,2001
29,"The Fast and the Furious",movies,2001
30,"A Beautiful Mind",movies,2001
31,"Pearl Harbor",movies,2001
32,"The Mummy Returns",movies,2001
33,"Jurassic Park III",movies,2001
34,"Black Hawk Down",movies,2001
35,"Training Day",movies,2001
36,"Moulin Rouge!",movies,2001
37,"The Others",movies,2001
38,"Vanilla Sky",movies,2001
39,"Donnie Darko",movies,2001
40,"Spider-Man",movies,2002
41,"The Lord of the Rings: The Two Towers",movies,2002
42,"Harry Potter and the Chamber of Secrets",movies,2002
43,"Ice Age",movies,2002
44,"Catch Me If You Can",movies,2002
45,"The Bourne Identity",movies,2002
46,"My Big Fat Greek Wedding",movies,2002
47,"Chicago",movies,2002
48,"Minority Report",movies,2002
49,"Austin Powers in Goldmember",movies,2002
50,"Star Wars: Episode II - Attack of the Clones",movies,2002
51,"Signs",movies,2002
52,"8 Mile",movies,2002
53,"The Ring",movies,2002
54,"Gangs of New York",movies,2002
55,"Die Another Day",movies,2002
56,"Shrek 2",movies,2004
57,"Spider-Man 2",movies,2004
58,"Harry Potter and the Prisoner of Azkaban",movies,2004
59,"The Incredibles",movies,2004
60,"The Passion of the Christ",movies,2004
61,"Meet the Fockers",movies,2004
62,"The Day After Tomorrow",movies,2004
63,"The Bourne Supremacy",movies,2004
64,"National Treasure",movies,2004
65,"Mean Girls",movies,2004
66,"Napoleon Dynamite",movies,2004
67,"The Notebook",movies,2004
68,"Anchorman: The Legend of Ron Burgundy",movies,2004
69,"Eternal Sunshine of the Spotless Mind",movies,2004
70,"Batman Begins",movies,2005
71,"Harry Potter and the Goblet of Fire",movies,2005
72,"Star Wars: Episode III - Revenge of the Sith",movies,2005
73,"Wedding Crashers",movies,2005
74,"King Kong",movies,2005
75,"War of the Worlds",movies,2005
76,"Charlie and the Chocolate Factory",movies,2005
77,"Mr. & Mrs. Smith",movies,2005
78,"The 40-Year-Old Virgin",movies,2005
79,"Madagascar",movies,2005
80,"Sin City",movies,2005
81,"Walk the Line",movies,2005
82,"Brokeback Mountain",movies,2005
83,"The Chronicles of Narnia: The Lion, the Witch and the Wardrobe",movies,2005
84,"Pirates of the Caribbean: Dead Man's Chest",movies,2006
85,"The Da Vinci Code",movies,2006
86,"Cars",movies,2006
87,"Ice Age: The Meltdown",movies,2006
88,"Casino Royale",movies,2006
89,"The Departed",movies,2006
90,"The Pursuit of Happyness",movies,2006
91,"Pan's Labyrinth",movies,2006
92,"The Devil Wears Prada",movies,2006
93,"Borat",movies,2006
94,"The Prestige",movies,2006
95,"Little Miss Sunshine",movies,2006
96,"Transformers",movies,2007
97,"Pirates of the Caribbean: At World's End",movies,2007
98,"Harry Potter and the Order of the Phoenix",movies,2007
99,"Spider-Man 3",movies,2007
100,"Ratatouille",movies,2007
101,"I Am Legend",movies,2007
102,"The Bourne Ultimatum",movies,2007
103,"300",movies,2007
104,"Juno",movies,2007
105,"No Country for Old Men",movies,2007
106,"Superbad",movies,2007
107,"Knocked Up",movies,2007
108,"There Will Be Blood",movies,2007
109,"Enchanted",movies,2007
110,"The Sopranos (Pilot)",tv,1999
111,"Family Guy (Pilot)",tv,1999
112,"SpongeBob SquarePants (Pilot)",tv,1999
113,"The West Wing (Pilot)",tv,1999
114,"Freaks and Geeks (Pilot)",tv,1999
115,"The Nanny (Finale)",tv,1999
116,"Home Improvement (Finale)",tv,1999
117,"Survivor (Pilot)",tv,2000
118,"Malcolm in the Middle (Pilot)",tv,2000
119,"CSI: Crime Scene Investigation (Pilot)",tv,2000
120,"Gilmore Girls (Pilot)",tv,2000
121,"Curb Your Enthusiasm (Pilot)",tv,2000
122,"Boy Meets World (Finale)",tv,2000
123,"Party of Five (Finale)",tv,2000
124,"Band of Brothers (Pilot)",tv,2001
125,"24 (Pilot)",tv,2001
126,"Scrubs (Pilot)",tv,2001
127,"Six Feet Under (Pilot)",tv,2001
128,"Alias (Pilot)",tv,2001
129,"3rd Rock from the Sun (Finale)",tv,2001
130,"Star Trek: Voyager (Finale)",tv,2001
131,"The Wire (Pilot)",tv,2002
132,"American Idol (Pilot)",tv,2002
133,"The Shield (Pilot)",tv,2002
134,"Firefly (Pilot)",tv,2002
135,"The Bachelor (Pilot)",tv,2002
136,"Monk (Pilot)",tv,2002
137,"The X-Files (Finale)",tv,2002
138,"Lost (Pilot)",tv,2004
139,"Desperate Housewives (Pilot)",tv,2004
140,"House (Pilot)",tv,2004
141,"Veronica Mars (Pilot)",tv,2004
142,"Entourage (Pilot)",tv,2004
143,"Friends (Finale)",tv,2004
144,"Frasier (Finale)",tv,2004
145,"Sex and the City (Finale)",tv,2004
146,"Angel (Finale)",tv,2004
147,"Grey's Anatomy (Pilot)",tv,2005
148,"The Office (US) (Pilot)",tv,2005
149,"Prison Break (Pilot)",tv,2005
150,"It's Always Sunny in Philadelphia (Pilot)",tv,2005
151,"My Name Is Earl (Pilot)",tv,2005
152,"Everybody Loves Raymond (Finale)",tv,2005
153,"Star Trek: Enterprise (Finale)",tv,2005
154,"30 Rock (Pilot)",tv,2006
155,"Heroes (Pilot)",tv,2006
156,"Dexter (Pilot)",tv,2006
157,"Friday Night Lights (Pilot)",tv,2006
158,"Ugly Betty (Pilot)",tv,2006
159,"Will & Grace (Finale)",tv,2006
160,"Mad Men (Pilot)",tv,2007
161,"The Big Bang Theory (Pilot)",tv,2007
162,"The Sopranos (Finale)",tv,2007
163,"The King of Queens (Finale)",tv,2007
164,"...Baby One More Time by Britney Spears",music,1999
165,"I Want It That Way by Backstreet Boys",music,1999
166,"Livin' la Vida Loca by Ricky Martin",music,1999
167,"Believe by Cher",music,1999
168,"No Scrubs by TLC",music,1999
169,"Smooth by Santana",music,1999
170,"Genie in a Bottle by Christina Aguilera",music,1999
171,"Bills, Bills, Bills by Destiny's Child",music,1999
172,"All Star by Smash Mouth",music,1999
173,"If You Had My Love by Jennifer Lopez",music,1999
174,"Mambo No. 5 by Lou Bega",music,1999
175,"Heartbreaker by Mariah Carey",music,1999
176,"Waiting for Tonight by Jennifer Lopez",music,1999
177,"What's My Age Again? by Blink-182",music,1999
178,"Bye Bye Bye by *NSYNC",music,2000
179,"Say My Name by Destiny's Child",music,2000
180,"Oops!... I Did It Again by Britney Spears",music,2000
181,"The Real Slim Shady by Eminem",music,2000
182,"It's Gonna Be Me by *NSYNC",music,2000
183,"Maria Maria by Santana",music,2000
184,"Independent Women Part I by Destiny's Child",music,2000
185,"Music by Madonna",music,2000
186,"Try Again by Aaliyah",music,2000
187,"Amazed by Lonestar",music,2000
188,"I Wanna Know by Joe",music,2000
189,"Breathe by Faith Hill",music,2000
190,"Who Let the Dogs Out? by Baha Men",music,2000
191,"He Wasn't Man Enough by Toni Braxton",music,2000
192,"Hanging by a Moment by Lifehouse",music,2001
193,"Lady Marmalade by Christina Aguilera",music,2001
194,"U Remind Me by Usher",music,2001
195,"Fallin' by Alicia Keys",music,2001
196,"I'm Real by Jennifer Lopez",music,2001
197,"Family Affair by Mary J. Blige",music,2001
198,"It's Been Awhile by Staind",music,2001
199,"I'm a Slave 4 U by Britney Spears",music,2001
200,"Let Me Blow Ya Mind by Eve",music,2001
201,"Drops of Jupiter by Train",music,2001
202,"Thank You by Dido",music,2001
203,"Only Time by Enya",music,2001
204,"Loverboy by Mariah Carey",music,2001
205,"Butterfly by Crazy Town",music,2001
206,"Complicated by Avril Lavigne",music,2002
207,"Hot in Herre by Nelly",music,2002
208,"Dilemma by Nelly",music,2002
209,"A Thousand Miles by Vanessa Carlton",music,2002
210,"Without Me by Eminem",music,2002
211,"Lose Yourself by Eminem",music,2002
212,"The Middle by Jimmy Eat World",music,2002
213,"Sk8er Boi by Avril Lavigne",music,2002
214,"Foolish by Ashanti",music,2002
215,"I'm With You by Avril Lavigne",music,2002
216,"Gangsta Lovin' by Eve",music,2002
217,"Hey Baby by No Doubt",music,2002
218,"Blurry by Puddle of Mudd",music,2002
219,"Cleanin' Out My Closet by Eminem",music,2002
220,"Yeah! by Usher",music,2004
221,"Burn by Usher",music,2004
222,"My Boo by Usher",music,2004
223,"Drop It Like It's Hot by Snoop Dogg",music,2004
224,"This Love by Maroon 5",music,2004
225,"She Will Be Loved by Maroon 5",music,2004
226,"Lean Back by Terror Squad",music,2004
227,"Tipsy by J-Kwon",music,2004
228,"1, 2 Step by Ciara",music,2004
229,"We Belong Together by Mariah Carey",music,2005
230,"Gold Digger by Kanye West",music,2005
231,"Hollaback Girl by Gwen Stefani",music,2005
232,"Since U Been Gone by Kelly Clarkson",music,2005
233,"Boulevard of Broken Dreams by Green Day",music,2005
234,"Don't Cha by Pussycat Dolls",music,2005
235,"Pon de Replay by Rihanna",music,2005
236,"Sugar, We're Goin Down by Fall Out Boy",music,2005
237,"Because of You by Kelly Clarkson",music,2005
238,"Irreplaceable by Beyoncé",music,2006
239,"SexyBack by Justin Timberlake",music,2006
240,"Crazy by Gnarls Barkley",music,2006
241,"Promiscuous by Nelly Furtado",music,2006
242,"Bad Day by Daniel Powter",music,2006
243,"Temperature by Sean Paul",music,2006
244,"You're Beautiful by James Blunt",music,2006
245,"Hips Don't Lie by Shakira",music,2006
246,"Ridin' by Chamillionaire",music,2006
247,"Umbrella by Rihanna",music,2007
248,"Girlfriend by Avril Lavigne",music,2007
249,"Big Girls Don't Cry by Fergie",music,2007
250,"Beautiful Girls by Sean Kingston",music,2007
251,"Crank That by Soulja Boy",music,2007
252,"Stronger by Kanye West",music,2007
253,"Apologize by OneRepublic",music,2007
254,"No One by Alicia Keys",music,2007
255,"Kiss Kiss by Chris Brown",music,2007
256,"Low by Flo Rida",music,2008
257,"Viva la Vida by Coldplay",music,2008
258,"I Kissed a Girl by Katy Perry",music,2008
259,"Disturbia by Rihanna",music,2008
260,"Single Ladies (Put a Ring on It) by Beyoncé",music,2008
261,"Just Dance by Lady Gaga",music,2008
262,"Love Story by Taylor Swift",music,2008
263,"So What by Pink",music,2008
264,"Womanizer by Britney Spears",music,2008
265,"Closer by Ne-Yo",music,2008
266,"Boom Boom Pow by Black Eyed Peas",music,2009
267,"I Gotta Feeling by Black Eyed Peas",music,2009
268,"Poker Face by Lady Gaga",music,2009
269,"Halo by Beyoncé",music,2009
270,"Fireflies by Owl City",music,2009
271,"Tik Tok by Kesha",music,2009
272,"Party in the U.S.A. by Miley Cyrus",music,2009
273,"Down by Jay Sean",music,2009
274,"Replay by Iyaz",music,2009
275,"Use Somebody by Kings of Leon",music,2009
276,"The Sims",games,2000
277,"Diablo II",games,2000
278,"Tony Hawk's Pro Skater 2",games,2000
279,"Deus Ex",games,2000
280,"Perfect Dark",games,2000
281,"Final Fantasy IX",games,2000
282,"Paper Mario",games,2000
283,"Jet Set Radio",games,2000
284,"Baldur's Gate II: Shadows of Amn",games,2000
285,"Counter-Strike",games,2000
286,"Chrono Cross",games,2000
287,"Marvel vs. Capcom 2",games,2000
288,"Banjo-Tooie",games,2000
289,"The Legend of Zelda: Majora's Mask",games,2000
290,"SSX",games,2000
291,"Skies of Arcadia",games,2000
292,"Halo: Combat Evolved",games,2001
293,"Grand Theft Auto III",games,2001
294,"Metal Gear Solid 2: Sons of Liberty",games,2001
295,"Final Fantasy X",games,2001
296,"Super Smash Bros. Melee",games,2001
297,"Devil May Cry",games,2001
298,"Tony Hawk's Pro Skater 3",games,2001
299,"Conker's Bad Fur Day",games,2001
300,"Ico",games,2001
301,"Animal Crossing",games,2001
302,"Silent Hill 2",games,2001
303,"Gran Turismo 3: A-Spec",games,2001
304,"Sonic Adventure 2",games,2001
305,"Pikmin",games,2001
306,"Golden Sun",games,2001
307,"Max Payne",games,2001
308,"Return to Castle Wolfenstein",games,2001
309,"Grand Theft Auto: Vice City",games,2002
310,"Metroid Prime",games,2002
311,"The Elder Scrolls III: Morrowind",games,2002
312,"Kingdom Hearts",games,2002
313,"Super Mario Sunshine",games,2002
314,"Warcraft III: Reign of Chaos",games,2002
315,"Battlefield 1942",games,2002
316,"Tom Clancy's Splinter Cell",games,2002
317,"Ratchet & Clank",games,2002
318,"Sly Cooper and the Thievius Raccoonus",games,2002
319,"Medal of Honor: Frontline",games,2002
320,"The Legend of Zelda: The Wind Waker",games,2002
321,"Eternal Darkness: Sanity's Requiem",games,2002
322,"Neverwinter Nights",games,2002
323,"TimeSplitters 2",games,2002
324,"Star Fox Adventures",games,2002
325,"Tomb Raider: Angel of Darkness",games,2002
326,"Halo 2",games,2004
327,"Half-Life 2",games,2004
328,"Grand Theft Auto: San Andreas",games,2004
329,"Metal Gear Solid 3: Snake Eater",games,2004
330,"World of Warcraft",games,2004
331,"Doom 3",games,2004
332,"Far Cry",games,2004
333,"Burnout 3: Takedown",games,2004
334,"The Sims 2",games,2004
335,"Pikmin 2",games,2004
336,"Paper Mario: The Thousand-Year Door",games,2004
337,"Katamari Damacy",games,2004
338,"Ninja Gaiden",games,2004
339,"Resident Evil 4",games,2005
340,"God of War",games,2005
341,"Shadow of the Colossus",games,2005
342,"Guitar Hero",games,2005
343,"F.E.A.R.",games,2005
344,"Sid Meier's Civilization IV",games,2005
345,"Devil May Cry 3: Dante's Awakening",games,2005
346,"Kingdom Hearts II",games,2005
347,"Psychonauts",games,2005
348,"Tom Clancy's Splinter Cell: Chaos Theory",games,2005
349,"Star Wars: Battlefront II",games,2005
350,"Burnout Revenge",games,2005
351,"Jade Empire",games,2005
352,"The Elder Scrolls IV: Oblivion",games,2006
353,"Gears of War",games,2006
354,"Wii Sports",games,2006
355,"Ōkami",games,2006
356,"Company of Heroes",games,2006
357,"Hitman: Blood Money",games,2006
358,"Saints Row",games,2006
359,"Bully",games,2006
360,"Dead Rising",games,2006
361,"Final Fantasy XII",games,2006
362,"The Legend of Zelda: Twilight Princess",games,2006
363,"Google Search launched",tech,1998
364,"iMac G3",tech,1998
365,"PayPal founded",tech,1998
366,"TiVo DVR introduced",tech,1998
367,"Napster released",tech,1999
368,"Sega Dreamcast",tech,1999
369,"BlackBerry email pager",tech,1999
370,"Apple iBook laptop",tech,1999
371,"Wi-Fi 802.11b standard ratified",tech,1999
372,"PlayStation 2",tech,2000
373,"First camera phone released",tech,2000
374,"USB flash drive introduced",tech,2000
375,"DVD-R format launched",tech,2000
376,"Tivo Series 2 DVR",tech,2000
377,"Apple iPod",tech,2001
378,"Microsoft Xbox",tech,2001
379,"Wikipedia launched",tech,2001
380,"Apple iTunes",tech,2001
381,"Mac OS X",tech,2001
382,"Nintendo GameCube",tech,2001
383,"Game Boy Advance",tech,2001
384,"Windows XP",tech,2001
385,"iRobot Roomba",tech,2002
386,"Xbox Live launched",tech,2002
387,"Firefox browser first released",tech,2002
388,"Apple flat-panel iMac",tech,2002
389,"Nikon D100 digital SLR",tech,2002
390,"Facebook launched",tech,2004
391,"Gmail released",tech,2004
392,"Mozilla Firefox 1.0",tech,2004
393,"Nintendo DS",tech,2004
394,"Apple iPod mini",tech,2004
395,"YouTube launched",tech,2005
396,"Xbox 360",tech,2005
397,"Google Maps launched",tech,2005
398,"PlayStation Portable",tech,2005
399,"Reddit launched",tech,2005
400,"Nintendo Wii",tech,2006
401,"Twitter launched",tech,2006
402,"PlayStation 3",tech,2006
403,"Nintendo DS Lite",tech,2006
404,"Apple MacBook Pro",tech,2006
405,"Apple iPhone",tech,2007
406,"Amazon Kindle",tech,2007
407,"Netflix streaming launched",tech,2007
408,"Android SDK released",tech,2007
409,"Asus Eee PC netbook",tech,2007
410,"Android OS on HTC Dream",tech,2008
411,"Apple App Store",tech,2008
412,"Apple MacBook Air",tech,2008
413,"Google Chrome browser",tech,2008
414,"Microsoft Azure announced",tech,2008
415,"Minecraft alpha released",tech,2009
416,"Windows 7",tech,2009
417,"Google Chrome OS announced",tech,2009
418,"Apple iPad",tech,2010
419,"Instagram launched",tech,2010
420,"Microsoft Kinect",tech,2010
421,"Vince Carter drafted",nba,1998
422,"Elton Brand drafted",nba,1999
423,"Steve Francis drafted",nba,1999
424,"Baron Davis drafted",nba,1999
425,"Lamar Odom drafted",nba,1999
426,"Shawn Marion drafted",nba,1999
427,"Manu Ginobili drafted",nba,1999
428,"Ron Artest drafted",nba,1999
429,"Kenyon Martin drafted",nba,2000
430,"Jamal Crawford drafted",nba,2000
431,"Michael Redd drafted",nba,2000
432,"Mike Miller drafted",nba,2000
433,"Hedo Türkoğlu drafted",nba,2000
434,"Quentin Richardson drafted",nba,2000
435,"Pau Gasol drafted",nba,2001
436,"Joe Johnson drafted",nba,2001
437,"Tony Parker drafted",nba,2001
438,"Zach Randolph drafted",nba,2001
439,"Gilbert Arenas drafted",nba,2001
440,"Tyson Chandler drafted",nba,2001
441,"Yao Ming drafted",nba,2002
442,"Amar'e Stoudemire drafted",nba,2002
443,"Carlos Boozer drafted",nba,2002
444,"Caron Butler drafted",nba,2002
445,"Tayshaun Prince drafted",nba,2002
446,"Nenê drafted",nba,2002
447,"Dwight Howard drafted",nba,2004
448,"Andre Iguodala drafted",nba,2004
449,"Luol Deng drafted",nba,2004
450,"Al Jefferson drafted",nba,2004
451,"J.R. Smith drafted",nba,2004
452,"Devin Harris drafted",nba,2004
453,"Chris Paul drafted",nba,2005
454,"Deron Williams drafted",nba,2005
455,"Andrew Bogut drafted",nba,2005
456,"Danny Granger drafted",nba,2005
457,"Monta Ellis drafted",nba,2005
458,"David Lee drafted",nba,2005
459,"LaMarcus Aldridge drafted",nba,2006
460,"Brandon Roy drafted",nba,2006
461,"Rajon Rondo drafted",nba,2006
462,"Kyle Lowry drafted",nba,2006
463,"Paul Millsap drafted",nba,2006
464,"Rudy Gay drafted",nba,2006
465,"Kevin Durant drafted",nba,2007
466,"Greg Oden drafted",nba,2007
467,"Al Horford drafted",nba,2007
468,"Mike Conley drafted",nba,2007
469,"Marc Gasol drafted",nba,2007
470,"Joakim Noah drafted",nba,2007
471,"Titanic",movies,1997
472,"Good Will Hunting",movies,1997
473,"Men in Black",movies,1997
474,"Princess Mononoke",movies,1997
475,"The Fifth Element",movies,1997
476,"The Full Monty",movies,1997
477,"Liar Liar",movies,1997
478,"Saving Private Ryan",movies,1998
479,"The Truman Show",movies,1998
480,"The Big Lebowski",movies,1998
481,"Mulan",movies,1998
482,"Rush Hour",movies,1998
483,"Blade",movies,1998
484,"Armageddon",movies,1998
485,"Breaking Bad (Pilot)",tv,2008
486,"Sons of Anarchy (Pilot)",tv,2008
487,"Fringe (Pilot)",tv,2008
488,"True Blood (Pilot)",tv,2008
489,"The Mentalist (Pilot)",tv,2008
490,"MMMBop by Hanson",music,1997
491,"My Heart Will Go On by Celine Dion",music,1997
492,"Truly Madly Deeply by Savage Garden",music,1997
493,"Tubthumping by Chumbawamba",music,1997
494,"Barbie Girl by Aqua",music,1997
495,"The Boy Is Mine by Brandy & Monica",music,1998
496,"Gettin' Jiggy wit It by Will Smith",music,1998
497,"Too Close by Next",music,1998
498,"I Don't Want to Miss a Thing by Aerosmith",music,1998
499,"Age of Empires II: The Age of Kings",games,1999
500,"Unreal Tournament",games,1999
501,"System Shock 2",games,1999
502,"EverQuest",games,1999
503,"Final Fantasy VIII",games,1999
504,"Shenmue",games,1999
505,"BioShock",games,2007
506,"Mass Effect",games,2007
507,"Portal",games,2007
508,"Halo 3",games,2007
509,"Assassin's Creed",games,2007
510,"Super Mario Galaxy",games,2007
511,"God of War II",games,2007
512,"DVD format launched in US",tech,1997
513,"Deep Blue beats Garry Kasparov",tech,1997
514,"Apple Siri launched",tech,2011
515,"iCloud launched",tech,2011
516,"Spotify launched in US",tech,2011
517,"Toy Story",movies,1995
518,"Braveheart",movies,1995
519,"Se7en",movies,1995
520,"The Usual Suspects",movies,1995
521,"Clueless",movies,1995
522,"Die Hard with a Vengeance",movies,1995
523,"Heat",movies,1995
524,"Apollo 13",movies,1995
525,"Casino",movies,1995
526,"GoldenEye",movies,1995
527,"12 Monkeys",movies,1995
528,"Bad Boys",movies,1995
529,"While You Were Sleeping",movies,1995
530,"Get Shorty",movies,1995
531,"Jumanji",movies,1995
532,"The American President",movies,1995
533,"Mr. Holland's Opus",movies,1995
534,"Dead Man Walking",movies,1995
535,"A Walk in the Clouds",movies,1995
536,"Independence Day",movies,1996
537,"Twister",movies,1996
538,"Scream",movies,1996
539,"Jerry Maguire",movies,1996
540,"Fargo",movies,1996
541,"Mission: Impossible",movies,1996
542,"Space Jam",movies,1996
543,"Happy Gilmore",movies,1996
544,"Legally Blonde",movies,2001
545,"Matilda",movies,1996
546,"The Birdcage",movies,1996
547,"Trainspotting",movies,1996
548,"Romeo + Juliet",movies,1996
549,"A Time to Kill",movies,1996
550,"Primal Fear",movies,1996
551,"Sling Blade",movies,1996
552,"The Nutty Professor",movies,1996
553,"101 Dalmatians",movies,1996
554,"The Cable Guy",movies,1996
555,"The Dark Knight",movies,2008
556,"Iron Man",movies,2008
557,"WALL-E",movies,2008
558,"Slumdog Millionaire",movies,2008
559,"Tropic Thunder",movies,2008
560,"Kung Fu Panda",movies,2008
561,"The Incredible Hulk",movies,2008
562,"Step Brothers",movies,2008
563,"Pineapple Express",movies,2008
564,"Forgetting Sarah Marshall",movies,2008
565,"Mamma Mia!",movies,2008
566,"The Curious Case of Benjamin Button",movies,2008
567,"Twilight",movies,2008
568,"Hancock",movies,2008
569,"Cloverfield",movies,2008
570,"Marley & Me",movies,2008
571,"Yes Man",movies,2008
572,"Quantum of Solace",movies,2008
573,"Body of Lies",movies,2008
574,"Avatar",movies,2009
575,"Up",movies,2009
576,"The Hangover",movies,2009
577,"Star Trek",movies,2009
578,"Inglourious Basterds",movies,2009
579,"District 9",movies,2009
580,"Zombieland",movies,2009
581,"The Hurt Locker",movies,2009
582,"Coraline",movies,2009
583,"Cloudy with a Chance of Meatballs",movies,2009
584,"(500) Days of Summer",movies,2009
585,"Moon",movies,2009
586,"The Blind Side",movies,2009
587,"2012",movies,2009
588,"Sherlock Holmes",movies,2009
589,"The Princess and the Frog",movies,2009
590,"Harry Potter and the Half-Blood Prince",movies,2009
591,"A Serious Man",movies,2009
592,"The Lovely Bones",movies,2009
593,"Wannabe by Spice Girls",music,1996
594,"Macarena by Los Del Rio",music,1996
595,"Killing Me Softly by Fugees",music,1996
596,"Always Be My Baby by Mariah Carey",music,1996
597,"Because You Loved Me by Celine Dion",music,1996
598,"Ironic by Alanis Morissette",music,1996
599,"Give Me One Reason by Tracy Chapman",music,1996
600,"C'mon n' Ride It (The Train) by Quad City DJ's",music,1996
601,"You're Makin' Me High by Toni Braxton",music,1996
602,"Change the World by Eric Clapton",music,1996
603,"I Love You Always Forever by Donna Lewis",music,1996
604,"Nobody Knows by Tony Rich Project",music,1996
605,"Quit Playing Games (With My Heart) by Backstreet Boys",music,1997
606,"Semi-Charmed Life by Third Eye Blind",music,1997
607,"Honey by Mariah Carey",music,1997
608,"Iris by Goo Goo Dolls",music,1998
609,"My All by Mariah Carey",music,1998
610,"This Kiss by Faith Hill",music,1998
611,"I Want You Back by *NSYNC",music,1998
612,"My Love Is Your Love by Whitney Houston",music,1999
613,"Unpretty by TLC",music,1999
614,"Every Morning by Sugar Ray",music,1999
615,"Show Me the Meaning of Being Lonely by Backstreet Boys",music,2000
616,"What a Girl Wants by Christina Aguilera",music,2000
617,"Most Girls by Pink",music,2000
618,"Get Ur Freak On by Missy Elliott",music,2001
619,"Hit 'Em Up Style (Oops!) by Blu Cantrell",music,2001
620,"All for You by Janet Jackson",music,2001
621,"Work It by Missy Elliott",music,2002
622,"A Moment Like This by Kelly Clarkson",music,2002
623,"Girlfriend by *NSYNC",music,2002
624,"Confessions Part II by Usher",music,2004
625,"Goodies by Ciara",music,2004
626,"Jesus Walks by Kanye West",music,2004
627,"Lose My Breath by Destiny's Child",music,2004
628,"Slow Jamz by Twista",music,2004
629,"Dip It Low by Christina Milian",music,2004
630,"Shake It Off by Mariah Carey",music,2005
631,"Behind These Hazel Eyes by Kelly Clarkson",music,2005
632,"1 Thing by Amerie",music,2005
633,"Feel Good Inc. by Gorillaz",music,2005
634,"Over and Over by Nelly",music,2005
635,"Run It! by Chris Brown",music,2005
636,"London Bridge by Fergie",music,2006
637,"Buttons by Pussycat Dolls",music,2006
638,"My Love by Justin Timberlake",music,2006
639,"Fergalicious by Fergie",music,2006
640,"So Sick by Ne-Yo",music,2006
641,"Me & U by Cassie",music,2006
642,"What Goes Around... Comes Around by Justin Timberlake",music,2007
643,"The Way I Are by Timbaland",music,2007
644,"Makes Me Wonder by Maroon 5",music,2007
645,"Before He Cheats by Carrie Underwood",music,2007
646,"Glamorous by Fergie",music,2007
647,"Give It to Me by Timbaland",music,2007
648,"Take a Bow by Rihanna",music,2008
649,"American Boy by Estelle",music,2008
650,"No Air by Jordin Sparks",music,2008
651,"With You by Chris Brown",music,2008
652,"Love in This Club by Usher",music,2008
653,"Bleeding Love by Leona Lewis",music,2008
654,"Empire State of Mind by Jay-Z",music,2009
655,"Bad Romance by Lady Gaga",music,2009
656,"Best I Ever Had by Drake",music,2009
657,"I Know You Want Me (Calle Ocho) by Pitbull",music,2009
658,"Waking Up in Vegas by Katy Perry",music,2009
659,"You Belong with Me by Taylor Swift",music,2009
660,"California Gurls by Katy Perry",music,2010
661,"Love the Way You Lie by Eminem",music,2010
662,"Just the Way You Are by Bruno Mars",music,2010
663,"Dynamite by Taio Cruz",music,2010
664,"OMG by Usher",music,2010
665,"Rude Boy by Rihanna",music,2010
666,"Not Afraid by Eminem",music,2010
667,"Sexy Chick by David Guetta",music,2010
668,"Airplanes by B.o.B",music,2010
669,"Hey, Soul Sister by Train",music,2010
670,"Need You Now by Lady Antebellum",music,2010
671,"Teenage Dream by Katy Perry",music,2010
672,"Amazon.com launched",tech,1995
673,"Java programming language introduced",tech,1995
674,"Nintendo 64 launched",tech,1996
675,"Palm Pilot released",tech,1996
676,"DVD players first available",tech,1996
677,"Nokia 6110 with Snake game",tech,1997
678,"AOL Instant Messenger launched",tech,1997
679,"Sony Mavica digital camera",tech,1997
680,"Bluetooth technology introduced",tech,1998
681,"Netflix founded",tech,1998
682,"AMD Athlon processor",tech,1999
683,"Sony AIBO robot dog",tech,1999
684,"Google AdWords launched",tech,2000
685,"Segway personal transporter unveiled",tech,2000
686,"Google Earth launched",tech,2005
687,"Ubuntu Linux first released",tech,2005
688,"Amazon Web Services launched",tech,2006
689,"Intel Core 2 Duo processor",tech,2006
690,"Fitbit activity tracker launched",tech,2007
691,"Google Street View launched",tech,2007
692,"Spotify launched in Europe",tech,2008
693,"Google Play Store launched",tech,2008
694,"WhatsApp founded",tech,2009
695,"Uber launched in San Francisco",tech,2009
696,"Microsoft Bing search engine",tech,2009
697,"Samsung Galaxy S smartphone",tech,2010
698,"Angry Birds released",tech,2010
699,"Google Nexus One phone",tech,2010
700,"Groupon launched",tech,2010
701,"Twitch streaming platform launched",tech,2011
702,"Snapchat launched",tech,2011
703,"Nintendo 3DS handheld",tech,2011
704,"Google Chromebook released",tech,2011
705,"Raspberry Pi computer",tech,2012
706,"Tesla Model S released",tech,2012
707,"Oculus Rift Kickstarter",tech,2012
708,"Coursera online courses launched",tech,2012
709,"Gossip Girl (Pilot)",tv,2007